{
    "accuracy": 0.9543147208121827,
    "precision": 0.9787234042553191,
    "recall": 0.9292929292929293
}